epoch,loss,f1_score,accuracy
1,0.052916547922673175,0.0,0.997232075610192
2,0.009335606263073929,1.0,1.0
3,0.008036991122507435,1.0,1.0
4,0.0077550982427935485,1.0,1.0
5,0.007598130724825014,1.0,1.0
6,0.00757275054001499,1.0,1.0
7,0.007512882759328932,1.0,1.0
8,0.007434329869046052,1.0,1.0
9,0.007422515084613967,1.0,1.0
10,0.007415156248421256,1.0,1.0
